OTUID	ITSCP-ITS_CATCCT-JG62T_L001_R1.fastq.gz	ITSM1_ACCCCC-JRDRM_L001_R1.fastq.gz	ITSM1-1_ATTACA-JRDRM_L001_R1.fastq.gz	ITSM2_ACCAGG-JRDRM_L001_R1.fastq.gz	ITSM2-1_AACCGA-JRDRM_L001_R1.fastq.gz	ITSM3_GGATCA-JRDRM_L001_R1.fastq.gz	ITSM3-1_TCTATG-JRDRM_L001_R1.fastq.gz	ITSM4_AAAGCG-JRDRM_L001_R1.fastq.gz	ITSM4-1_GCATAC-JRDRM_L001_R1.fastq.gz	ITSM5_AGGCGC-JRDRM_L001_R1.fastq.gz	ITSM5-1_GTAGAA-JRDRM_L001_R1.fastq.gz	ITSMeq-ITS_GGACTT-JG62T_L001_R1.fastq.gz	ITSMS10-ITS_GGCCAA-JG62T_L001_R1.fastq.gz
TATAAATACTACAATGTGGCCTGTTACATTGTTTGTCGAATGGCGCTTGCATTCATTTGCAATCCCCATTCTAGAAAAGAAGCATATTGCAACATGTATGTTGGCTATGCCCTAACAGAAGTGGATGCGTTGTTACTGCTGGTTCGTTTAATGCCTGTTAACGTTCCAGTAGGGCCTGATGACAGCGCTTCGTTATCTGATTTGGCTATAGCTAATTACACAGAATGACATATATTCGTTGTCACTGTTGACTTGTTTACCGCCTACTAACATTTCAGCAGTGCCTGTATGACAACGATCTATATTGTTATTTGCAATGCAACCTGAGCTCAGGCGTGACTACCCGCTGAACTTAAGCATATCACTT	23424	1386	732	549	652	2418	714	1183	278	74	91	8183	24856
TATAAATACTACAATGTGGCCTGTTACATTGTTTGTCGAATGGCGCTTGCATTCATTTGCAATCCCCATTCTAGAAAAGAAGCATATTGCAACATGTATGTTGGCTATGCCCTAACAGAAGTGGATGCGTTGTTACTGCTGGTTCGTTGAATGCCTGTTAACGTTCCAGTAGGGCCTGATGACAGCGCTTCGTTATCTGATTTGGCTATAGCTAATTACACAGAATGACATATATTCGTTGTCACTGTTGACTTGTTTACCGCCTACTAACATTTCAGCAGTGCCTGTATGACAACGATCTATATTGTCATTTGCAATGCAACCTGAGCTCAGGCGTGACTACCCGCTGAACTTAAGCATATCACTT	21535	1221	667	392	442	2255	692	1095	306	76	77	6198	18095
TATAAATACTACAATGTGGCCTGTTACATTGTCTGTCGAATGGCGCTTGCATTCATTTGCAATCCCCATTCTAGAAAAGAAGCATATTGCAACATGTATGTTGGCTATGCCTTAACAGAAGTGAATGCGTTGTTACTGCTGGTTCGTTTAATGCCTGTTAACGTTCCAGTAGGGCCTGATGACAGCGCTTCGTTATCTGATTTGGCTATAGCTAATTACACAGAATGACATATATTCGTTGTCACTGTTGACTTGTTTACCGCCTACTAACATTTCAGCAGTGCCTGTATGACAACGTTCTATATTGTCATTTGCAATGCAACCTGAGCTCAGGCGTGACTACCCGCTGAACTTAAGCATATCACTT	15284	101	61	151	204	633	209	1995	494	1454	1694	1602	1790
TATAAATACTACAATGTGGCCTGTTACATTGTTTGTCGAATGGCGCTTGCATTCATTTGCAATCCCCATTCTAGAAAAGAAGCATATTGCAACATGTATGTTGGCTATATCTGATTTGGCTATGGCTAACTACACAGAATGACATATAATCGTTGTCACTGTTGACTTGTTTACCGCCTACTAACATTTCAGCAGTGCCTGTATGACAACGTTCTATATTGTCATTTGCAATGCAACCTGAGCTCAGGCGTGACTACCCGCTGAACTTAAGCATATCATTT	0	0	0	0	0	0	0	0	0	0	0	17788	3500
TATAAATACTACAATGTGGCCTGTTACATTGTTTGTCGAATGGCGCTTGCATTCATTTGCAATCCCCATTCTAGAAAAGAAGCATATTGCAACATGTATGTTAGCTGCCTTAAGAACAGAAGGGAATGCGTTGTTACTGCTAGATTGTTTAATGCCTGTTAACGATCTAGTGGGGCCTGATGACAGCGCTTCCTTATCTGATTTGGCTATTGCTAACTACACAGAATGACATATATTCGTTGTCACTGTTGACGTGTTTACCGCCTATTAACATTTCAGCAGTGCCTGTATGACAACGTTCTATATTGTCATTTGCAATGCAACCTGAGCTCAGGCGTGACTACCCGCTGAACTTAAGCATATCATTT	0	0	0	0	0	0	0	0	0	0	0	12214	6485
TATAAATACTACAATGTGGCCTGTTACATTGTTTGTCGAATGGCGCTTGCATTCATTTGCAATCCCCATTCTAGAAAAGAAGCATATTGCAACATGTATGTTGGCTATGCCCTAACAGAAGTGGATGCGTTGTTACTGCTGGTTCGTTTAATGCCTGTTAACGTTCCAGTAGGGCCTGATGACAGCGCTTCGTTATCTGATTTGGCTATAGCTAATTACACAGAATGACATATATTCGTTGTCACTGTTGACTTGTTTACCGCCTACTAACATTTCAGCAGTGCCTGTATGACAACGTTCTATATTGTCATTTGCAATGCAACCTGAGCTCAGGCGTGACTACCCGCTGAACTTAAGCATATCACTT	8672	403	249	233	288	1132	372	1198	310	148	153	827	2124
TATGAATACTACAATGTGGCCTGTTACATTGTTTGTCGAATGGCGCTTGCATTCATTTGCAATCCCCATTCTAGAAAAGAAGCATATTGCAACATGTATGTTAGTTGTGCCTTAAGAACAGAAGTGAACGCGTTGTTACTGCTGAAACGTTTAATGCCTGTTAACGTTTCAGTGGAGGCCTGATGACATCGCTTCGTTATCTGATTTGGCTATGGCTAACTACACAGAATGACATATATTCGTTGTCACTGTTGACTTGTTTACCGCCTACTAACATTTCAGCAGTGCCTGTATGACAACGTTCTATATTGTCATTTGCAATGCAACCTGAGCTCAGGCGTGACTACCCGCTGAACTTAAGCATATCATTT	0	27	17	52	81	0	0	0	0	0	0	5647	5461
TATAAATACTACAATGTGGCCTGTTACATTGTCTGTCGAATGGCGCTTGCATTCATTTGCAATCCCCATTCTAGAAAAGAAGCATATTGCAACATGTATGTTGACTATGCCTTAACAGAAGTGAATGCGTTGTTACTGCTGGTTCGTTTAATGCCTGTTAACGTTCCAGTAGGGCCTGATGACAGCGCTTCGTTATCTGATTTGGCTATAGCTAATTACACAGAATGACATATATTCGTTGTCACTGTTGACTTGTTTACCGCCTACTAACATTTCAGCAGTGCCTGTATGACAACGTTCTATATTGTCATTTGCAATGCAACCTGAGCTCAGGCGTGACTACCCGCTGAACTTAAGCATATCACTT	4560	159	88	56	74	479	139	460	112	100	95	639	1705
TATAAATACTACAATGTGGCCTGTTACATTGTCTGTCGAATGGCGCTTGCATTCATTTCCAATCCCCATTCTAGAAAAGAAGCATATTGCAACATGTATGTTGGCTATGCCTTAACAGAAGTGAATGCGTTGTTACTGCTGGTTCGTTTAATGCCTGTTAACGTTCCAGTAGGGCCTGATGACAGCGCTTCGTTATCTGATTTGGCTATAGCTAATTACACAGAATGACATATATTCGTTGTCACTGTTGACTTGTTTACCGCCTACTAACATTTCAGCAGTGCCTGTATGACAACGTTCTATATTGTCATTTGCAATGCAACCTGAGCTCAGGCGTGACTACCCGCTGAACTTAAGCATATCACTT	4416	37	22	68	99	271	88	846	235	608	760	526	640
TATAAATACTACAATGTGGCCTGTTACACTGTCTGTCGAATGGCGCTTGCATTCATTTGCAATCCCCATTCTAGAAAAGAAGCATATTGCAACATGTATGTTGGCTATGCCTTAACAGAAGTGAATGCGTTGTTACTGCTGGTTCGTTTAATGCCTGTTAACGTTCCAGTAGGGCCTGATGACAGCGCTTCGTTATCTGATTTGGCTATAGCTAATTACACAGAATGACATATAATCGTTGTCACTGTTGACTTGTTTACCGCCTACTAACATTTCAGCAGTGCCTGTATGACAACGTTCTATATTGTCATTTGCAATGCAACCTGAGCTCAGGCGTGACTACCCGCTGAACTTAAGCATATCACTT	5999	0	0	0	0	0	0	0	0	0	0	942	1096
TATAAATACTACAATGTGGCCTGTTACATTGTTTGTCGAATGGCGCTTGCATTCATTTGCGATCCCCATTCTAGAAAAGAAGCATATTGCAACATGTATGTTAGCCATGCCTTAAAAACAGAAGTGAATGCGCTGTTACCGCTAGATCGTTTAATGCCTGTTAACGATTTAGTGGGGCCTGATGACAGCGCTTCGTTATCTGATTTGGCTATGGCTAACTACACAGAATGACATATATTCGTTGTCACTGTTGACGTGTTTACCGCCTATTAACATTTCAGCAGTGCCTGTATGACAACGTTCTATATTGTCATTTGCAATGCAACCTGAGCTCAGGCGTGACTACCCGCTGAACTTAAGCATATCATTT	0	57	36	47	48	767	0	0	0	0	0	2435	2916
TATAAATACTACAATGTAGCCTGTTACATTGTTTGTCGAATGGCGCTTGCATTCATTTGCAATCCCCGTTCTAGAAAAGAAACATATTGCAACATGTACGTTAGCTATGTCTTAATAATAGATGAATGCGCTGTTACTACTGGATCGTTTAATGCCTGTTAACGTTCCAATAGGGCCTGATGACAGCGCTTCGTTATCTGATCTGGCTATGGCTAACTACACAGAATGACATATATTCGTTGTCACTGTTGACTTGTTTACCGCCTATTAACATTTCAGCAGTGCCTGTATGACAACGTTCTATATTGTCATTTGCAATGCAACCTGAGCTCAGGCGTGACTACCCGCTGAACTTAAGCATATCATTT	0	247	154	139	175	0	0	0	0	0	0	3350	1568
TATAAATACTACAATGAGGCCTGTTACATTGTTTGTCGAATGGCGCTTGCATTCATTTGCAATCCCCATTCTAGAAAAGAAGCTTATTGCAACATGTACGTTAACTATTCCTTAATAACAGAAGTGAATGCGTTGTTACTGCTGGATCGTTTAATGCCTGTTAACGTTCCAGCGGGGCCTGATGACAGCGCTTCGTTATCTGATTTGGCATGGCTAACTACACAGAATGACATATATTCGTTGTCACTGTTGACTTGTTTACCGCCTACTAACATTTCAGCAGTGCCTGTATGACAACGTTCTATATTGTCATTTGCAATGCAACCTGAGCTCAGGCGTGACTACCCGCTGAACTTAAGCATATCATTT	0	0	0	0	0	0	0	0	0	0	0	4389	1017
TATGAATACTACAATGTGGCCTGTTACATTGTTTGTCGAATGGCGCTTGCATTCATTTGCAATCCCCATTCTAGAAAAGAAGCATATTGCAACATGTATGTTAGTTGTGCCTTAAGAACAGAAGTGAACGCGTTGTTACTGCTGAAACATTTAATGCCTGTTAACGTTTCAGTGGAGGCCTGATGACATCGCTTCGTTATCTGATTTGGCTATGGCTAACTACACAGAATGACATATATTCGTTGTCACTGTTGACTTGTTTACCGCCTACTAACATTTCAGCAGTGCCTGTATGACAACGTTCTATATTGTCATTTGCAATGCAACCTGAGCTCAGGCGTGACTACCCGCTGAACTTAAGCATATCATTT	0	8	0	24	26	0	0	0	0	0	0	2511	2479
TATAAATACTACAATGTGGCCTGTTACATTGTTTGTCGAATGGCGCTTGCATTCATTTGCAATCCCCATTCTAGAAAAGAAGCATATTGCAACATGTATGTTGGCTATGCCCTAACAGAAGTGGATGCGTTGTTACTGCTGGTTCGTTGAATGCCTGTTAACGTTCCAGTAGGGCCTGATGACAGCGCTTCGTTATCTGATTTGGCTATAGCTAATTACACAGAATGACATATATTCGTTGTCACTGTTGACTTGTTTACCGCCTAATAACATTTCAGCAGTGCCTGTATGACAACGATCTATATTGTCATTTGCAATGCAACCTGAGCTCAGGCGTGACTACCCGCTGAACTTAAGCATATCACTT	1085	112	46	36	55	170	55	87	19	3	8	686	1956
TATAAATACTACAATGTGGCCTGTTACATTGTTTGTCGAATGGCGCTTGCATTCATTTGCAATCCCCATTCTAGAAAAGAAGCATATTGCAACATGTATGTTGGCTATGCCCTAACAGAAGTGGATGCGTTGTTACTGCTGGTTCGTTGAATGCCTGTTAACGTTCCAGTAGGGCCTGATGACAGCGCTTCGTTATCTGATTTGGCTATAGCTAATTACACAGAATGACATATATTCGTTGTCACTGTTGACTTGTTTACCGCCTACTAACATTTCAGCAGTGCCTGTATGACAACGATCTATATTGTCATTTGCAATGCAACCTGAGCTCAGGCGTGACTACCCGCTGAACTTAAGCATATCATTT	737	126	68	50	49	97	25	34	11	2	0	1139	1846
TATAAATACTACAATGTGGCCTGTTACATTGTTTGTCGAATGGCGCTTGCATTCATTTGCAATCCCCATTCTAGAAAAGAAGCATATTGCAACATGTATGTTGGCTATATCTGATTTGACTATGGCTAACTACACAGAATGACATATAATCGTTGTCACTGTTGACTTGTTTACCGCCTACTAACATTTCAGCAGTGCCTGTATGACAACGTTCTATATTGTCATTTGCAATGCAACCTGAGCTCAGGCGTGACTACCCGCTGAACTTAAGCATATCATTT	0	0	0	0	0	0	0	0	0	0	0	3495	631
TATAAATACTACAATGTGGCCTGTTACATTGTTTGTCGAATGGCGCTTGCATTCATTTGCAATCCCCATTCTAGAAAAGAAGCATATTGCAACATGTATGTTAGCTGCCTTAAGAGAAGTGAATGCGTTGTTACTGCTAGATCGTTTAATGCCTGTTAACGATCCAGTGGGGCCTGATGACAGCGCTTCCTTATCTGATTTGGCTATGGCTAACTACACAGAATGACATATATTCGTTGTCACTGTTGACGTGTTTACCGCCTATTAACATTTCAGCAGTGCCTGTATGACAACGTTCTATATTGTCATTTGCAATGCAACCTGAGCTCAGGCGTGACTACCCGCTGAACTTAAGCATATCATTT	0	0	0	0	0	0	0	0	0	0	0	2329	1225
TATTAATACTACAATGTGGCCTGTTACATTGTTTGTCGAATGGCGCTTGCATTCATTTGCAATCCCCATTCTAGAAAAGAAGCATATTGCAACATGTATGTTAGTTGTGCCTTAAGAACAGTAGTGAACGCGTTGTTACTGCTGAAACGTTTAATGCCTGTTAACGTTTCAGTGGAGGCCTGATGACATCGCTTCGTTATCTGATTTGGCTATGGCTAACTACACAGAATGACATATATTCGTTGTCACTGTTGACTTGTTTACCGCCTATTAACATTTCAGCAGTGCCTGTATGACAACGTTCTATATTGTCATTTGCAATGCAACCTGAGCTCAGGCGTGACTACCCGCTGAACTTAAGCATATCATTT	0	9	3	17	24	0	0	0	0	0	0	1630	1478
TATAAATACTACAATGTGGCCTGTTACATTGTTTGTCGAATGGCGCTTGCATTCATTTGCGATCCCCATTCTAGAAAAGAAGCATATTGCAACATGTATGTTAGCCATGCCTTAAAAACAGAAGTGAATGCGCTGTTACCGCTAGATCGTTTAATGCCTGTTAACGATTTAGTGGGGCCTGATGACAGCGCTTCGTTATCTGATTTGGCTATGGCTAACTACACAGAATTACATATATTCGTTGTCACTGTTGACGTGTTTACCGCCTATTAACATTTCAGCAGTGCCTGTATGACAACGTTCTATATTGTCATTTGCAATGCAACCTGAGCTCAGGCGTGACTACCCGCTGAACTTAAGCATATCATTT	0	0	0	0	0	0	0	0	0	0	0	1275	1627
TATAAATACTACAATGTGGCCTGTTACATTGTTTGTCGAATGGCGCTTGCATTCATTTGCAATCCCCGTTCTAGAAAAGAAGCATATTGCAACATGTATGTTAGCTGCCTTAAGAGAAGTGAATGCGTTGTTACTGCTAGATCGTTTAATGCCTGTTAACGATCTAGTGGGGCCTGATGACAGCGCTTCCTTATCTGATTTGGCTATGGCTGACTACACAGAATGACATATATTCGTTGTCACTGTTGACTTGTTTACCGCCTATTAACATTTCAGCAGTGCCTGTATGACAACGTTCTATATTGTCATTTGCAATGCAACCTGAGCTCAGGCGTGACTACCCGCTGAACTTAAGCATATCATTT	0	0	0	0	0	2	0	0	0	0	0	1559	900
TATAAATACTACAATGTAGCCTGTTACATTGTTTGTCGAATGGCGCTTGCATTCATTTGCAATCCCCGTTCTAGAAAAGAAACATATTGCAACATGTACGTTAGCTATGTCTTAATAATAGATGAATGCGCTGTTACTACTGGATCGTTTAATGCCTGTTAATGTTCCAATAGGGCCTGATGACAGCGCTTCGTTATCTGATCTGGCTATGGCTAACTACACAGAATGACATATATTCGTTGTCACTGTTGACTTGTTTACCGCCTATTAACATTTCAGCAGTGCCTGTATGACAACGTTCTATATTGTCATTTGCAATGCAACCTGAGCTCAGGCGTGACTACCCGCTGAACTTAAGCATATCACTT	0	0	0	0	0	0	0	0	0	0	0	1065	572
TATAAATACTACAATGTGGCCTGTTACATTGTTTGTCGAATGGCGCTTGCATTCATTTGCAATCCCCATTCTAGAAAAGAAGCATATTGCAACATGTATGTTAGTTGTGCCTTAAGAACAGAAGTGAACGCGTTGTTACTGCTGAAACATTTAATGCCTGTTAACGTTTCAGTGGAGGCCTGATGACATCGCTTCGTTATCTGATTTGGCTATGGCTAACTACACAGAATGACATATATTCGTTGTCACTGTTGACTTGTTTACCGCCTACTAACATTTCAGCAGTGCCTGTATGACAACGTTCTATATTGTCATTTGCAATGCAACCTGAGCTCAGGCGTGACTACCCGCTGAACTTAAGCATATCATTT	0	11	11	17	22	0	0	0	0	0	0	692	830
TATAAATACTACAATGTGGCCTGTTACATTGTTTGTCGAATGGCGCTTGCATTCATTTGCAATCCCCATTCTAGAAAAGAAGCATATTGCAACATGTATGTTAGTTGTGCCTTAAGAACAGTAGTGAACGCGTTGTTACTGCTGAAACGTTTAATGCCTGTTAACGTTTCAGTGGAGGCCTGATGACATCGCTTCGTTATCTGATTTGGCTATGGCTAACTACACAGAATGACATATATTCGTTGTCACTGTTGACTTGTTTACCGCCTATTAACATTTCAGCAGTGCCTGTATGACAACGTTCTATATTGTCATTTGCAATGCAACCTGAGCTCAGGCGTGACTACCCGCTGAACTTAAGCATATCATTT	0	13	9	14	17	0	0	0	0	0	0	695	655
TATAAATACTACAATGTGGCCTGTTACATTGTCTGTCGAATGGCGCTTGCATTCATTTGCAATCCCCATTCTAGAAAAGAAGCATATTGCAACATGTATGTTGGCTATGCCTTAACAGAAGTGAATGCGTTGTTACTGCTGGTTCGTTTAATGCCTGTTAACGTTCCAGTAGGGCCTGATGACAGCGCTTCGTTATCTGATTTGGCTATAGCTAATACACAGAATGACATAAATTCGTTGTCACTGTTGACTTGTTTACCGCCTACTAACATTTCAGCAGTGCCTGTGTGACAACGTTCTATATTGTCATTTGCAATGCAACCTGAGCTCAGGCGTGACTACCCGCTGAACTTAAGCATATCACTT	955	0	0	0	0	0	0	0	0	0	0	114	136
TATGAATACTACAATGTGGCCTGTTACATTGTTTGTCGAATGGCGCTTGCATTCATTTGCAATCCCCATTCTAGAAAAGAAGCATATTGCAACATGTATGTTGGCTATATCTGATTTGGCTATGGCTAACTACACAGAATGACATATAATCGTTGTCACTGTTGACTTGTTTACCGCCTACTAACATTTCAGCAGTGCCTGTATGACAACGTTCTATATTGTCATTTGCAATGCAACCTGAGCTCAGGCGTGACTACCCGCTGAACTTAAGCATATCATTT	0	0	0	0	0	0	0	0	0	0	0	987	177
TATAAATACTACAATGTGGCCTATTACATTGTTTGTCGAATGGCGCTTGCATTCATTTGCAATCCCCATTCTAGAAAAGAAGCATATTGCAACATGTATGTTAGCTGCCTTAAGAGAAGTGAATGCGTTGTTACTGCTAGATCGTTTAATGCCTGTTAACGATCCAGTGGGGCCTGATGACAGCGCTTCCTTATCTGATTTGGCTATGGCTAACTACACAGAATGACATATATTCGTTGTCACTGTTGACGTGTTTACCGCCTATTAACATTTCAGCAGTGCCTGTATGACAACGTTCTATATTGTCATTTGCAATGCAACCTGAGCTCAGGCGTGACTACCCGCTGAACTTAAGCATATCATTT	0	0	0	0	0	0	0	0	0	0	0	735	327
TATAAATACTACAATGTGGCCTGTTACATTGTCTGTCGAATGGCGCTTGCATTCATTTGCAATCCCCATTCTAGAAAAGAAGCATATTGCAACATGTATGTTGGCTATGCCTTAACAGAAGTGAATGCGTTATTACTGCTGGTTCGTTTAATGCCTGTTAACGTTCCAGTAGGGCCTGATGACAGCGCTTCGTTATCTGATTTGGCTATAGCTAATTACACAGAATGACATATATTCGTTGTCACTGTTGGCTTGTTTACCGCCTACTAACATTTCAGCAGTGCCTGTATGACAACGTTCTATATTGTCATTTGCAATGCAACCTGAGCTCAGGCGTGACTACCCGCTGAACTTAAGCATATCACTT	812	0	0	0	0	0	0	0	0	0	0	101	96
TATAAATACTACAATGTGGCCTGTTACATTGTCTGTCGAATGGCGCTTGCATTCATTTCCAATCCCCATTCTAGAAAAGAAGCATATTGCAACATGTATGTTGGCTATGCCTTAACAGAAGTGAATGCGTTGTTACTGCTGGTTTGTTTAATGCCTGTTAACGTTCCAGTAGGGCCTGATGACAGCGCTTCGTTATCTGATTTGGCTATAGCTAATTACACAGAATGACATATATTCGTTGTCACTGTTGACTTGTTTACCGCCTACTAACATTTCAGCAAAGCCTGTATGACAACGTTCTATATTGTCATTTGCAATGCAACCTGAGCTCAGGCGTGACTACCCGCTGAACTTAAGCATATCACTT	664	0	0	0	0	0	0	0	0	0	0	132	124
TATGAATACTACAATGTGGCCTGTTACATTGTTTGTCGAATGGCGCTTGCATTCATTTGCAATCCCCATTCTAGAAAAGAAGCATATTGCAACATGTATGTTAGTTGTGCCTTAAGAACAGAAGTGAACGCGTTGTTACTGCTGAAACATTTAATGCCTGTTAACGTTTCAGTGGAGGCCTGATGACATCGCTTCGTTATCTGATTTGGCTATGGCTAACTACACAGAATGACATATATTCGTTGTCACTGTTGACTTGTTTACCGCCTACTAACATTTCAGCAGTGCCTGTATGACAACGTTCTATATTGTCATTTGCAATGCAACCTGAGCTCAGGCGTGACTACCCGCTGAACTTAAGCATATCACTT	0	11	0	9	4	5	0	0	0	0	0	287	469
TATAAATACTACAATGTGGCCTGTTACATTGTCTGTCGAATGGCGCTTGCATTCATTTGCAATCCCCATTCTAGAAAAGAAGCATATTGCAACATGTATGTTGGCTATGCCTTAACAGAAGTGAATGCGTTGTTACTGCTGGTTCGTTTAATGCCTGTTAACGTTCCAGTAGGGCCTGATGACAGCGCTTCGTTATCTGATTTGGCTATAGCTAATTACACAGAATGACATATATTCGTTGTCACTGTTGACTTGTTTACCGCCTACTAACATTTCAGCAATGCCTGTATGACAACGTTCTATATTGTCATTTGCAATGCAACCTGAGCTCAGGCGTGACTACCCGCTGAACTTAAGCATATCACTT	76	10	7	18	17	52	18	163	48	184	147	6	9
TATAAATACTACAATGTGGCCTGTTACATTGTTTGTCGAATGGCGCTTGCATTCATTTGCAATCCCCATTCTAGAAAAGAAGCATATTGCAACATGTATGTTAGCTGCCTTAAGAGAAGTGAATGCGTTGTTACTGCTAGATCGTTTAATGCCTGTTAACGATCCAGTGGGGCCTGATGACAGCGCTTCCCTATCTGATTTGGCTATGGCTAACTACACAGAATGACATATATTCGTTGTCACTGTTGACGTGTTTACCGCCTATTAACATTTCAGCAGTGCCTGTATGACAACGTTTTATATTGTCATTTGCAATGCAACCTGAGCTCAGGCGTGACTACCCGCTGAACTTAAGCATATCATTT	0	0	0	0	0	0	0	0	0	0	0	487	248
TATAAATACTACAATGTGGCCTGTTACATTGTTTGTCGAATGGCGCTTGCATTCATTTGCAATCCCCATTCTAGAAAAGAAGCATATTGCAACATGTATGTTGGCTATGCCCTAACAGAAGTGGATGCGTTGTTACTGCTGGTTCGTTTAATGCCTGTTAACGTTCCAGTAGGGCCTGATGACAGCGCTTCGTTATCTGATTTGGCTACAGCTAATTACACAGAATGACATATATTCGTTGTCACTGTTGACTTGTTTACCGCCTACTAACATTTCAGCAGTGCCTGTATGACAACGATCTATATTGTTATTTGCAATGCAACCTGAGCTCAGGCGTGACTACCCGCTGAACTTAAGCATATCACTT	506	0	0	0	0	0	0	0	0	0	0	52	171
TATAAATACTACAATGTGGCCTGTTACATTGTTTGTCGAATGGCGCTTGCATTCATTTGCAATCCCCATTCTAGAAAAGAAGCATATTGCAACATGTATGTTGGCTATGCCCTAACAGAAGTGGATGCGTTGTTACTGCTGGTTCGTTGAATGCCTGTTAACGTTCCAGTAGGGCCTGATGACAGCGCTTCGTTATCTGATTTGGCTATAGCTAATTACACAGAATGACATATATTCGTTGCCACTGTTGACTTGTTTACCGCCTACTAACATTTCAGCAGTGCCTGTATGACAACGATCTATATTGTCATTTGCAATGCAACCTGAGCTCAGGCGTGACTACCCGCTGAACTTAAGCATATCACTT	466	8	0	0	0	18	5	12	3	0	0	64	145
TATAAATACTACAATGTGGCCTGTTACATTGTTTGTCGAATGGCGCTTGCATTCATTTGCAATCCCCATTCTAGAAAAGAAGCATATTGCAACATGTATGTTGGCTATGCCCTAACAGAAGTGGATGCGTTGTTACTGCTGGTTCGTTGAATGCCTGTTAACGTTCCAGTAGGGCCTGATGACAGCGCTTCGTTATCTGATTTGGCTATAGCTAATTACACAGAATGGCATATATTCGTTGTCACTGTTGACTTGTTTACCGCCTACTAACATTTCAGCAGTGCCTGTATGACAACGATCTATATTGTCATTTGCAATGCAACCTGAGCTCAGGCGTGACTACCCGCTGAACTTAAGCATATCACTT	450	0	0	0	0	0	0	0	0	0	0	45	150
TATAAATACTACAATGTAGCCTGTTACATTGTTTGTCGAATGGCGCTTGCATTCATTTGCAATCCCCGTTCTAGAAAAGAAACATATTGCAACATGTACGTTAGCTATGCCTTAATAATGGATGAATGCGTTGTTACTACTGGATCGTTTAATGCCTGTTAACGTTCCAGTGGGGCCTGATGACAGCGCTTCGTTATCTGATCTGGCTATGGCTAACGACACAGAATGACATATATTCGTTGTCACTGTTGACTTGTTTACCGCCTATTAACATTTCAGCAGTGCCTGTATGACAACGTTCTATATTATCATTTGCAATGCAACCTGAGCTCAGGCGTGACTACCCGCTGAACTTAAGCATATCATTT	0	114	66	71	61	0	0	0	0	0	0	167	141
TATAAATACTACAATGTGGCCTGTTACATTGTCTGTCGAATGGCGCTTGCATTCATTTGCAATCCCCATTCTAGAAAAGAAGCATATTGCAACATGTATGTTGGCTATATCTGATTTGGCTATGGCTAACTACACAGAATGACATATAATCGTTGTCACTGTTGACTTGTTTACCGCCTACTAACATTTCAGCAGTGCCTGTATGACAACGTTCTATATTGTCATTTGCAATGCAACCTGAGCTCAGGCGTGACTACCCGCTGAACTTAAGCATATCATTT	0	0	0	0	0	0	0	0	0	0	0	448	125
TATAAATACTACAATGAGGCCTGTTACATTGTTTGTCGAATGGCGCTTGCATTCATTTGCAATCCCCATTCTAGAAAAGAAGCATATTGCAACATGTATGTTGGCTATATCTGATTTGGCTATGGCTAACTACACAGAATGACATATAATCGTTGTCACTGTTGACTTGTTTACCGCCTACTAACATTTCAGCAGTGCCTGTATGACAACGTTCTATATTGTCATTTGCAATGCAACCTGAGCTCAGGCGTGACTACCCGCTGAACTTAAGCATATCATTT	0	0	0	0	0	0	0	0	0	0	0	569	0
TATAAATACTACAATGTGGCCTGTTACATTGTCTGTCGAATGGTGCTTGCATTCATTTGCAATCCCCATTCTAGAAAAGAAGCATATTGCAACATGTATGTTGGCTATGCCTTAACAGAAGTGAATGCGTTGTTACTGCTGGTTCGTTTAATGCCTGTTAACGTTCCAGTAGGGCCTGATGACAGCGCTTCGTTATCTGATTTGGCTATAGCTAATTACACAGAATGACATATATTCGTTGTCACTGTTGACTTGTTTACCGCCTACTAACATTTCAGCAGTGCCTGTATGACAACGTTCTATATTGTCATTTGCAATGCAACCTGAGCTCAGGCGTGACTACCCGCTGAACTTAAGCATATCACTT	0	5	3	5	12	53	8	142	45	138	149	0	0
TATAAATACTACAATGTGGCCTGTTACATTGTTTGTCGAATGGCGCTTGCATTCATTTGCAATCCCCATTCTAGAAAAGAAGCATATTGCAACATGTATGTTGGCTATGCCCTAACAGAAGTGGATGCGTTGTTACTGCTGGTTCGTTTAATGCCTGTTAACGTTCCAGTAGGGCCTGATGACAGCGCTTCGTTATCTGATTTGGCTATAGCTAATTACACAGAATGACATATATTCGTTGTCACTGTTGACTTGTTTACCGCCTACTAACATTTCAGCAATGCCTGTATGACAACGTTCTATATTGTCATTTGCAATGCAACCTGAGCTCAGGCGTGACTACCCGCTGAACTTAAGCATATCACTT	101	17	11	15	23	86	23	102	29	13	17	7	17
TATAAATACTACAATGTGGCCTGTTACATTGTCTGTCGAATGGTGCTTGCATTCATTTGCAATCCCCATTCTAGAAAAGAAGCATATTGCAACATGTATGTTGGCTATGCCTTAACAGAAGTGAATGCGTTGTTACTGCTGGTTCGTTTAATGCCTGTTAACGTTCCAGTAGGGCCTGATGACAGCGCTTCGTTATCTGATTTGGCTATAGCTAATTGCACAGAATGACATATATTCGTTGTCACTGTTGACTTGTTTACCGCCTACTAACATTTCAGCAGTGCCTGTATGACAACGTTCTATATTGTCATTTGCAATGCAACCTGAGCTCAGGCGTGACTACCCGCTGAACTTAAGCATATCACTT	0	10	5	14	14	66	14	129	36	81	86	0	0
TATAAATACTACAATGTGGCCTGTTACATTGTTTGTCGAATGGCGCTTGCATTCATTTGCAATCCCCATTCTAGAAAAGAAGCATATTGCAACATGTATGTTGGCTATGCCCTAACAGAAGTGGATGCGTTGTTACTGCTGGTTCGTTTAATGCCTGTTAACGTTCCAGTAGGGCCTGATGACAGCGCTTCGTTATCTGATTTGGCTATAGCTAATTACACAGAATGACATATATTCGTTGTCACTGTTGACTTGTTTACCGCCTACTAACATTTCAGCAAAGCCTGTATGACAACGTTCTATATTGTCATTTGCAATGCAACCTGAGCTCAGGCGTGACTACCCGCTGAACTTAAGCATATCACTT	292	4	3	3	3	11	5	13	7	1	1	23	61
TATAAATACTACAATGTGGCCTGTTACATTGTTTGTCGAATGGCGCTTGCATTCATTTGCAATCCCCATTCTAGAAAAGAAGCACATTGCAACATGTATGTTGGCTATGCCCTAACAGAAGTGGATGCGTTGTTACTGCTGGTTCGTTGAATGCCTGTTAACGTTCCAGTAGGGCCTGATGACAGCGCTTCGTTATCTGATTTGGCTATAGCTAATTACACAGAATGACATATATTCGTTGTCACTGTTGACTTGTTTACCGCCTACTAACATTTCAGCAGTGCCTGTATGACAACGATCTATATTGTCATTTGCAATGCAACCTGAGCTCAGGCGTGACTACCCGCTGAACTTAAGCATATCACTT	42	0	0	0	0	0	0	0	0	0	0	103	221
TATAAATACTACAATGTGGCCTGTTACATTGTTTGTCGAATGGCGCTTGCATTCATTTGCAATCCCCATTCTAGAAAAGAAGCATATTGCAACATGTATGTTGGCTATGCCCTAACAGAAGTGGATGCGTTGTTACTGCTGGTTCGTTGAATGCCTGTTAACGTTCCAGTAGGGCCTGATGACAGCGCTTCGTTATCTGATTTGGCTATAGCTAATTACACAGAATGACATATATTCGTTGTCACTGTTGACTTGTTTACCGCCTATTAACATTTCAGCAGTGCCTGTATGACAACGATCTATATTGTCATTTGCAATGCAACCTGAGCTCAGGCGTGACTACCCGCTGAACTTAAGCATATCACTT	33	20	15	5	10	6	0	3	0	0	0	64	209
TATAAATACTACAATGTGGCCTGTTACATTGTCTGTCGAATGGCGCTTGCATTCATTTGCAATCCCCCTTCTAGAAAAGAAGCATATTGCAACATGTATGTTGGCTATGCCTTAACAGAAGTGAATGCGTTGTTACTGCTGGTTCGTTTAATGCCTGTTAACGTTCCAGTAGGGCCTGATGACAGCGCTTCGTTATCTGATTTGGCTATAGCTAATTACACAGAATGACATATATTCGTTGTCACTGTTGACTTGTTTACCGCCTACTAACATTTCAGCAGTGCCTGTATGACAACGTTCTATATTGTCATTTGCAATGCAACCTGAGCTCAGGCGTGACTACCCGCTGAACTTAAGCATATCACTT	18	0	0	6	3	15	0	83	34	83	92	1	0
TATAAATACTACAATGTGGCCTGTTACATTGTCTGTCGAATGGCGCTTGCATTCATTTGCAATCCCCCTTCTAGAAAAGAAGCATATTGCAACATGTATGTTGGCTATGCCTTAACAGAAGTGAATGCGTAGTTACTGCTGGTTCGTTTAATGCCTGTTAACGTTCCAGTAGGGCCTGATGACAGCGCTTCGTTATCTGATTTGGCTATAGCTAATTACACAGAATGACATATATTCGTTGTCACTGTTGACTTGTTTACCGCCTACTAACATTTCAGCAATGCCTGTATGACAACGTTCTATATTGTCATTTGCAATGCAACCTGAGCTCAGGCGTGACTACCCGCTGAACTTAAGCATATCACTT	0	8	1	9	13	56	9	91	27	56	64	0	0
TATAAATACTACAATGTGGCCTGTTACATTGTCTGTCGAATGGCGCTTGCATTCATTTGCAATCCCCATTCTAGAAAAGAAGCATATTGCAACATGTACGTTGGCTATGCCTTAACAGAAGTGAATGCGTTGTTACTGCTGGTTCGTTTAATGCCTGTTAACGTTCCAGTAGGGCCTGATGACAGCGCTTCGTTATCTGATTTGGCTATAGCTAATTACACAGAATGACATATATTCGTTGTCACTGTTGACTTGTTTACCGCCTACTAACATTTCAGCAATGCCTGTATGACAACGTTCTATATTGTCATTTGCAATGCAACCTGAGCTCAGGCGTGACTACCCGCTGAACTTAAGCATATCACTT	235	0	0	0	0	0	0	0	0	0	0	39	40
TATAAATACTACAATGTGGCCTGTTACATTGTCTGTCGAATGGCGCTTGCATTCATTTGCAATCCCCCTTCTAGAAAAGAAGCATATTGCAACATGTATGTTGGCTATGCCTTAACAGAAGTGAATGCGTAGTTACTGCTGGTTCGTTTAATGCCTGTTAACGTTCCAGTAGGGCCTGATGACAGCGCTTCGTTATCTGATTTGGCTATAGCTAATTACACAGAATGACATATATTCGTTGTCACTGTTGACTTGTTTACCGCCTACTAACATTTCAGCAGTGCCTGTATGACAACGTTCTATATTGTCATTTGCAATGCAACCTGAGCTCAGGCGTGACTACCCGCTGAACTTAAGCATATCACTT	0	5	2	6	12	31	6	84	30	55	74	0	0
TATAAATACTACAATGTGGCCTGTTACATTGTCTGTCGAATGGCGCTTGCATTCATTTGCAATCCCCATTCTAGAAAAGAAGCATATTGCAACATGTATGTTGGCTATGCCTTAACAGAAGTGAATGCGTTGTTACTGCTGGTTCGTTTAATGCCTGTTAACGTTCCAGTAGGGCCTGATGACAGCGCTTCGTTATCTGATTTGGCTATAGCTAATTACACAGAATGACATATATTCGTTGTCACTGTTGACTTGTTTACCGCCTACTAACATTTCAGCAGTGACTGTATGACAACGTTCTATATTGTCATTTGCAATGCAACCTGAGCTCAGGCGTGACTACCCGCTGAACTTAAGCATATCACTT	218	0	0	0	0	0	0	0	0	0	0	22	19
TATAAATACTACAATGTGGCCTGTTACATTGTTTGTCGAATGGCGCTTGCATTCATTTGCAATCCCCATTCTAGAAAAGAAGCATATTGCAACATGTATGTTGGCTATGCCCTAACAGAAGTGGATGCGTTGTCACTGCTGGTTCGTTGAATGCCTGTTAACGTTCCAGTAGGGCCTGATGACAGCGCTTCGTTATCTGATTTGGCTATAGCTAATTACACAGAATGACATATATTCGTTGTCACTGTTGACTTGTTTACCGCCTACTAACATTTCAGCAGTGCCTGTATGACAACGATCTATATTGTCATTTGCAATGCAACCTGAGCTCAGGCGTGACTACCCGCTGAACTTAAGCATATCACTT	228	0	0	0	0	0	0	0	0	0	0	0	0
TATAAATACTACAATGTAGCCTGTTACATTGTTTGTCGAATGGCGCTTGCATTCATTTGCAATCCCCATTCTAGAAAAGAAGCATATTGCAACATGTATGTTGGCTATATCTGATTTGGCTATGGCTAACTACACAGAATGACATATAATCGTTGTCACTGTTGACTTGTTTACCGCCTACTAACATTTCAGCAGTGCCTGTATGACAACGTTCTATATTGTCATTTGCAATGCAACCTGAGCTCAGGCGTGACTACCCGCTGAACTTAAGCATATCATTT	0	0	0	0	0	0	0	0	0	0	0	226	0
TATAAATACTACAATGTGGCCTGTTACATTGTCTGTCGAATGGCGCTTGCATTCATTTCCAATCCCCATTCTAGAAAAGAAGCATATTGCAACATGTATGTTGGCTATGCCTTAACAGAAGTGAATGCGTTGTTACTGCTGGTTCGTTTAATGCCTGTTAACGTTCCAGTAGGGCCTGATGACAGCGCTTCGTTATCTGATTTGGCTATAGCTAATTACACAGAATGACATATATTCGTTGTCACTGTTGACTTGTTTACCGCCTACTAACATTTCAGCAAAGCCTGTATGACAACGTTCTATATTGTCATTTGCAATGCAACCTGAGCTCAGGCGTGACTACCCGCTGAACTTAAGCATATCACTT	94	0	0	1	5	18	1	27	8	20	15	11	13
TATAAATACTACAATGTGGCCTGTTACATTGTCTGTCGAATGGCGCTTGCATTCATTTGCAATCCCCCTTCTAGAAAAGAAGCATATTGCAACATGTATGTTGGCTATGCCTTAACAGAAGTGAATGCGTTGTTACTGCTGGTTCGTTTAATGCCTGTTAACGTTCCAGTAGGGCCTGATGACAGCGCTTCGTTATCTGATTTGGCTATAGCTAATTACACAGAATGACATATATTCGTTGTCACTGTTGACTTGTTTACCGCCTACTAACATTTCAGCAATGCCTGTATGACAACGTTCTATATTGTCATTTGCAATGCAACCTGAGCTCAGGCGTGACTACCCGCTGAACTTAAGCATATCACTT	49	0	3	7	8	24	0	39	12	25	26	5	0
TATAAATACTACAATGTGGCCTGTTACAGTGTCTGTCGAATGGCGCTTGCATTCATTTCCAATCCCCATTCTAGAAAAGAAGCATATTGCAACATGTATGTTGGCTATGCCTTAACAGAAGTGAATGCGTTGTTACTGCTGGTTCGTTTAATGCCTGTTAACGTTCCAGTAGGGCCTGATGACAGCGCTTCGTTATCTGATTTGGCTATAGCTAATTACACAGAATGACATATATTCGCTGTCACTGTTGACTTGTTTACCGCCTACTAACATTTCAGCAGTGCCTGTATGACAACGTTCTATATTGTCATTTGCAATGCAACCTGAGCTCAGGCGTGACTACCCGCTGAACTTAAGCATATCACTT	178	0	0	0	0	0	0	0	0	0	0	0	0
TATAAATACTACAATGTGGCCTGTTACATTGTCTGTCGAATGGCGCTTGCATTCATTTGCAATCCCCATTCTAGAAAAGAAGCATATTGCAACATGTATGTTGGCTATGCCTTAACAGAAGTGAATGCGTTGTTACTGCTGGTTCGTTTAATGCCTGTTAACGTTCCAGTAGGGCCTGATGACAGCGCTTCGTTATCTGATTTGGCTATAGCTAATTACACAGAATGACATATATTCGTTGTCACTGTTGGCTTGTTTACCGCCTACTAACATTTCAGCAGTGCCTGTATGACAACGTTCTATATTGTCATTTGCAATGCAACCTGAGCTCAGGCGTGACTACCCGCTGAACTTAAGCATATCACTT	150	0	0	0	0	0	0	5	3	0	0	6	11
TATAAATACTACAATGTGGCCTGTTACATTGTTTGTCGAATGGCGCTTGCATTCATTTGCAATCCCCATTCTAGAAAAGAAGCATATTGCAACATGTATGTTGGCTATGCCCTAACAGAAGTGGATGCGTTGTTACTGCTGGTTCGTTTAATGCCTGTTAACGTTCCAGTAGGGCCTGATGACAGCGCTTCGTTATCTGATTTGGCCATGGCTAACTACACAGAATGACATATATTCGTTGTCACTGTTGACTTGTTTACCGCCTACTAACATTTCAGCAGTGCCTGTATGACAACGTTCTATATTGTCATTTGCAATGCAACCTGAGCTCAGGCGTGACTACCCGCTGAACTTAAGCATATCATTT	0	0	0	0	0	0	0	0	0	0	0	127	48
TATAAATACTACAATGTGGCCTGTTACAGTGTCTGTCGAATGGCGCTTGCATTCATTTCCAATCCCCATTCTAGAAAAGAAGCATATTGCAACATGTATGTTGGCTATGCCTTAACAGAAGTGAATGCGTTGTTACTGCTGGTTCGTTTAATGCCTGTTAACGTTCCAGTAGGGCCTGATGACAGCGCTTCGTTATCTGATTTGGCTATAGCTAATTACACAGAATGACATATATTCGTTGTCACTGTTGACTTGTTTACCGCCTACTAACATTTCAGCAGTGCCTGTATGACAACGTTCTATATTGTCATTTGCAATGCAACCTGAGCTCAGGCGTGACTACCCGCTGAACTTAAGCATATCACTT	116	0	0	0	0	0	0	0	0	0	0	26	29
TATAAATACTACAATGTGGCCTGTTACATTGTTTGTCGAATGGCGCTTGCATTCATTTGCGATCCCCATTCTAGAAAAGAAGCACATTGCAACATGTATGTTAGCCATGCCTTAAAAACAGAAGTGAATGCGCTGTTACCGCTAGATCGTTTAATGCCTGTTAACGATTTAGTGGGGCCTGATGACAGCGCTTCGTTATCTGATTTGGCTATGGCTAACTACACAGAATGACATATATTCGTTGTCACTGTTGACGTGTTTACCGCCTATTAACATTTCAGCAGTGCTTGTATGACAACGTTCTATATTGTCATTTGCAATGCAACCTGAGCTCAGGCGTGACTACCCGCTGAACTTAAGCATATCATTT	0	26	11	29	43	60	0	0	0	0	0	0	0
TATAAATACTACAATGTGGCCTGTTACATTGTCTGTCGAATGGCGCTTGCATTCATTTGCAATCCCCCTTCTAGAAAAGAAGCATATTGCAACATGTATGTTGGCTATGCCTTAACAGAAGTGAATGCGTAGTTACTGCTGGTTCGTTTAATGCCTGTTAACGTTCCAGTAGGGCCTGATGACAGCGCTTCGTTATCTGATTTGGCTATAGCTAATTACACAGAATGACATATATTCGTTGTCACTGTTGACTTGTTTACCGCCTACTAACATTTCAGCAGTGCCTGTATGACAACGATCTATATTGTCATTTGCAATGCAACCTGAGCTCAGGCGTGACTACCCGCTGAACTTAAGCATATCACTT	0	9	2	9	4	24	6	40	11	7	5	0	0
TATAAATACTACAATGTGGCCTGTTACATTGTTTGTCGAATGGCGCTTGCATTCATTTGCGATCCCCATTCTAGAAAAGAAGCATATTGCAACATGTATGTTGGCTATATCTGATTTGGCTATGGCTAACTACACAGAATGACATATAATCGTTGTCACTGTTGACTTGTTTACCGCCTACTAACATTTCAGCAGTGCCTGTATGACAACGTTCTATATTGTCATTTGCAATGCAACCTGAGCTCAGGCGTGACTACCCGCTGAACTTAAGCATATCATTT	0	0	0	0	0	0	0	0	0	0	0	115	0
TATAAATACTACAATGTGGCCTGTTACATTGTCTGTCGAATGGCGCTTGCATTCATTTGCAATCCCCATTCTAGAAAAGAAGCATATTGCAACATGTATGTTGGCTATGCCTTAACAGAAATGAATGCGTTGTTACTGCTGGTTCGTTGAATGCCTGTTAACGTTCCAGTAGGGCCTGATGACAGCGCTTCGTTATCTGATTTGGCTATAGCTAATTACACAGAATGACATATATTCGTTGTCACTGTTGACTTGTTTACCGCCTACTAACATTTCAGCAGTGCCTGTATGACAACGATCTATATTGTCATTTGCAATGCAACCTGAGCTCAGGCGTGACTACCCGCTGAACTTAAGCATATCACTT	114	0	0	0	0	0	0	0	0	0	0	0	0
TATAAATACTACAATGAGGCCTGTTACATTGTTTGTCGAATGGCGCTTGCATTCATTTGCAATCCCCATTCTAGAAAAGAAGCTAATTGCAACATGTACGTTAACTATTCCTTAATAACAGAAGTGAATGCGTTGTTACTGCTGGATCGTTTAATGCCTGTTAACGTTCCAGCGGGGCCTGATGACAGCGCTTCGTTATCTGATTTGGCATGGCTAACTACACAGAATGACATATATTCGTTGTCACTGTTGACTTGTTTACCGCCTACTAACATTTCAGCAGTGCCTGTATGACAACGTTCTATATTGTCATTTGCAATGCAACCTGAGCTCAGGCGTGACTACCCGCTGAACTTAAGCATATCATTT	0	0	0	0	0	0	0	0	0	0	0	109	0
TATAAATACTACAATGTGGCCTGTTACATTGTTTGTCGAATGGCGCTCGCATTCATTTGCAATCCCCATTCTAGAAAAGAAGCATATTGCAACATGTATGTTGGCTATGCCTGAGGAACAGAAGTGAATGCGTTGTTACTGCTAGATGGTTTAATGCCTGTTAACGTTCCAGCAGCGCCTGATGACAGCGCTTCGTTATCTGATTTGGCTATAGCTAATTACACAGAATGACATATATTCGTTGTCACTGTTGACTTGTTTACCGCCTACTAACATTTCAGCAGTGCCTGTATGACAACGTTCTATAATGTCATTTGCAATGCAACCTGAGCTCAGGCGTGACTACCCGCTGAACTTAAGCATATCATTT	0	0	0	0	0	0	0	0	0	0	0	44	64
TATAAATACTACAATGTGGCCTGTTACACTGTCTGTCGAATGGCGCTTGCATTCATTTGCAATCCCCATTCTAGAAAAGAAGCATATTGCAACATGTATGTTGGCTATATCTGATTTGGCTATGGCTAACTACACAGAATGACATATAATCGTTGTCACTGTTGACTTGTTTACCGCCTACTAACATTTCAGCAGTGCCTGTATGACAACGTTCTATATTGTCATTTGCAATGCAACCTGAGCTCAGGCGTGACTACCCGCTGAACTTAAGCATATCATTT	0	0	0	0	0	0	0	0	0	0	0	96	0
TATATATACTACAATGTGGCCTGTTACATTGTTTGTCGAATGGCGCTTGCATTCATTTGCAATCCCCATTCTAGAAAAGAAGCATATTGCAACATGTATACTGGCGATGCCTTAAAAACAGAGAATGCGTTGTTGCTGCTGGATCGTTTAATGCCTGTTAACGTTGCAGTTCTGATTTGGCTATAGCTAATTACACAGAATGACATATATTCGTTGTCACTGTTGACTTGTTTACCGCCTACTAACATTTCAGCAGTGCCTGTATGACAACGTTCTATATTGTCATTTACAATGCAACCTGAGCTCAGGCGTGACTACCCGCTGAACTTAAGCATATCACTT	51	0	0	0	0	0	0	0	0	0	0	2	24
TATAAATACTACAATGTGGCCTGCTACATTGTCTGTCGAATGGCGCTTGCATTCATTTCCAATCCCCATTCTAGAAAAGAAGCATATTGCAACATGTATGTTGGCTATGCCTTAACAGAAGTGAATGCGTTGTTACTGCTGGTTCGTTTAATGCCTGTTAACGTTCCAGTAGGGCCTGATGACAGCGCTTCGTTATCTGATTTGGCTATAGCTAATTACACAGAATGACATATATTCGTTGTCACTGTTGACTTGTTTACCGCCTACTAACATTTCAGCAGTGCCTGTATGACAACGTTCTATATTGTCATTTGCAATGCAACCTGAGCTCAGGCGTGACTACCCGCTGAACTTAAGCATATCACTT	75	0	0	0	0	0	0	0	0	0	0	0	0
TATAAATACTACAATGTGGCCTGTTACATTGTCTGTCGAATGGCGCTTGCATTCATTTCCAATCCCCATTCTAGAAAAGAAGCATATTGCAACATGTATGTTGGCTATGCCTTAACAGAAGTGAATGCGTTGTTACTGCTGGTTCGTTTAATGCCTGTTAACGTTCCAGTAGGGCCTGATGACAGCGCTTCGTTATCTGATTTGGCTATAGCTAATTACACAGAATGACATATATTCGTTGTCACTGTTGACTTGTTTACCGCCTACTAACATTTCAGCAGTGCCTGTATGACAACGTTCTATATTGTCATTTGCAATGCAGCCTGAGCTCAGGCGTGACTACCCGCTGAACTTAAGCATATCACTT	68	0	0	0	0	0	0	0	0	0	0	0	0
TATAAATACTACAATGTGGCCTGTTACATTGTTTGTCGAATGGCGCTTGCATTCATTTGCAATCCCCATTCTAGAAAAGAAGCATATTGCAACATGTATATTGGCGATGCCTTAAAAACAGAGAATGCGTTGTTGCTGCTGGATCGTTTAATGCCTGTTAACGTTGCAGTTCTGATTTGGCTATAGCTAATTACACAGAATGACATATATTCGTTGTCACTGTTGACTTGTTTACCGCCTACTAACATTTCAGCAGTGCCTGTATGACAACGTTCTATATTGTCATTTACAATGCAACCTGAGCTCAGGCGTGACTACCCGCTGAACTTAAGCATATCACTT	0	0	0	0	0	6	0	0	0	0	0	12	50
TATAAATACTACAATGTGGCCTGTTACATTGTTTGTCGAATGGCGCTTGCATTCATTTGCAATCCCCATTCTAGAAAAGAAGCATATTGCAACATGTATGTTGCCTATGCCCTAACAGAAGTGGATGCGTTGTTACTGCTGGTTCGTTGAATGCCTGTTAACGTTCCAGTAGGGCCTGATGACAGCGCTTCGTTATCTGATTTGGCTATAGCTAATTACACAGAATGACATATATTCGTTGTCACTGTTGACTTGTTTACCGCCTACTAACATTTCAGCAGTGCCTGTATGACAACGATCTATATTGTCATTTGCAATGCAACCTGAGCTCAGGCGTGACTACCCGCTGAACTTAAGCATATCACTT	63	0	0	0	0	0	0	0	0	0	0	0	0
TATAAATACTACAATGTGGCCTGTTACATTGTTTGTCGAATGGCGCTTGCATTCATTTGCAATCCCCATTCTAGAAAAGAAGCATATTGCAACATGTATGTTGGCGATGCCTTAAAAACAGAGAATGCGTTGTTGCTGCTGGATCGTTTAATGCCTGTTAACGTTGCAGTAGGGGCATGATGACAGCGCTTCGTTATCTGATTTGGCTATAGCTAATTACACAGAATGACATATATTCGTTGTCACTGTTGACTTGTTTACCGCCTACTAACATTTCAGCAGTGCCTGTATGACAACGTTCTATATTGTCATTTGCAATGCAACCTGAGCTCAGGCGTGACTACCCGCTGAACTTAAGCATATCACTT	63	0	0	0	0	0	0	0	0	0	0	0	0
TATAAATACTACAATGTGGCCTGTTACATTGTCTGTCGAATGGCGCTTGCATTCATTTCCAATCCCCATTTTAGAAAAGAAGCATATTGCAACATGTATGTTGGCTATGCCTTAACAGAAGTGAATGCGTTGTTACTGCTGGTTCGTTTAATGCCTGTTAACGTTCCAGTAGGGCCTGATGACAGCGCTTCGTTATCTGATTTGGCTATAGCTAATTACACAGAATGACATATATTCGTTGTCACTGTTGACTTGTTTACCGCCTACTAACATTTCAGCAGTGCCTGTATGACAACGTTCTATATTGTCATTTGCAATGCAACCTGAGCTCAGGCGTGACTACCCGCTGAACTTAAGCATATCACTT	62	0	0	0	0	0	0	0	0	0	0	0	0
TATAAATACTACGATGTGGCCTGTTACACTGTCTGTCGAATGGCGCTTGCATTCATTTGCAATCCCCATTCTAGAAAAGAAGCATATTGCAACATGTATGTTGGCTATGCCTTAACAGAAGTGAATGCGTTGTTACTGCTGGTTCGTTTAATGCCTGTTAACGTTCCAGTAGGGCCTGATGACAGCGCTTCGTTATCTGATTTGGCTATAGCTAATTACACAGAATGACATATAATCGTTGTCACTGTTGACTTGTTTACCGCCTACTAACATTTCAGCAGTGCCTGTATGACAACGTTCTATATTGTCATTTGCAATGCAACCTGAGCTCAGGCGTGACTACCCGCTGAACTTAAGCATATCACTT	60	0	0	0	0	0	0	0	0	0	0	0	0
TATAAATACTACAATGTGGCCTGTTACATTGTCTGTCGAATGGCGCTTGCATTCATTTGCAATCCCCATTCTAGAAAAGAAGCATATTGCAACATGTATGTTGGCTATGCCTTAACAGAAGTGAATGCGTTGTTACTGCTGGTTCGTTTAATGCCTGTTATAGTTCCAGTAGGGCCTGATGACAGCGCTTCGTTATCTGATTTGGCTATAGCTAATTACACAGAATGACATATATTCGTTGTCACTGTTGACTTGTTTACCGCCTACTAACATTTCAGCAGTGCCTGTATGACAACGTTCTATATTGTCATTTGCAATGCAACCTGAGCTCAGGCGTGACTACCCGCTGAACTTAAGCATATCACTT	54	0	0	0	0	0	0	0	0	0	0	0	0
TATAAATACTACAATGTGGCCTGTTACATTGTTTGTCGAATGGCGCTTGCATTCATTTGCAATCCCCATTCTAGAAAAGAAGCATATTGCAACATGTATGTTGGCTATGCCCTAACAGAAGTGGATGCGTTGTTACTGCTGGTTCGTTGAATGCCTGTTAACGTTCCAGTAGGGCCTGATGACAGCGCTTCGTTATCTGATTTGGCTATAGCTAATTACACAGAATGACATATATTCGTTGTCACTGTTGACTTGTTTACCGCGTACTAACATTTCAGCAGTGCCTGTATGACAACGATCTATATTGTCATTTGCAATGCAACCTGAGCTCAGGCGTGACTACCCGCTGAACTTAAGCATATCACTT	0	0	0	0	0	0	0	0	0	0	0	0	54
TATAAATACTACAATGTGGCCTGTTACATTGTTTGTCGAATGGCGCTTGCATTCATTTGCAATCCCCATTCTAGAAAAGAAGCATATTGCAACATGTATGTTGGCTATGCCCTAACAGAAGTGGATGCGTTGTTACTGCTGGTTCGTTGAATGCCTGTTAACGTTCCAGTAGGGCCTGATGACAGCGCTTCGTTATCTGATTTGGCTATAGCTAATTACACAGAATGACATATATTCGTTGTCACTGTTGACTTGTTTACCGCCTACTAACATTTCAGCAGTGCCTGTATGACAACGATCTATATTGTCATTTGCAATGCAAAATGAGCTCAGGCGTGACTACCCGCTGAACTTAAGCATATCACTT	32	0	0	0	0	0	0	0	0	0	0	4	17
TATAAATACTACAATGTGGCCTGTTACATTGTCTGTCGAATGGCGCTTGCATTCATTTGCAATCCCCATTCTAGAAAAGAAGCATATTGCAACATGTATGTTGGCTATGCCTTAACAGAAGTGAATGCGTTGTTACTGCTGGTTCGTTTAATGCCTGTTAACGTTCGAGTAGGGCCTGATGACAGCGCTTCGTTATCTGATTTGGCTATAGCTAATTACACAGAATGACATATATTCGTTGTCACTGTTGACTTGTTTACCGCCTACTAACATTTCAGCAGTGCCTGTATGACAACGTTCTATATTGTCATTTGCAATGCAACCTGAGCTCAGGCGTGACTACCCGCTGAACTTAAGCATATCACTT	51	0	0	0	0	0	0	0	0	0	0	0	0
TATAAATACTACAATGTGGCCTGTTACATTGTCTGTCGAATGGCGCTTGCATTCATTTGCAATCCCCATTCTAGAAAAGAAGCATATTGCAACATGTATGTTGACTATGCCTTAACAGAAGTGAATGCGTTGTTACTGCTGGTTCGTTCAATGCCTGTTAACGTTCCAGTAGGGCCTGATGACAGCGCTTCGTTATCTGATTTGGCTATAGCTAATTACACAGAATGACATATATTCGTTGTCACTGTTGACTTGTTTACCGCCTACTAACATTTCAGCAGTGCCTGTATGACAACGTTCTATATTGTCATTTGCAATGCAACCTGAGCTCAGGCGTGACTACCCGCTGAACTTAAGCATATCACTT	48	0	0	0	0	0	0	0	0	0	0	0	0
TATAAATACTACAATGTGGCCTGTTACATTGTTTGTCGAATGGCGCTTGCATTCATTTGCAATCCCCATTCTAGAAAAGAAGCATATTGCAACATGTATGTTGGCGATGCCTTAAAAACAGAGAATGCGTTGTTGCTGCTGGATCGTTTAATGCCTGTTAACGTTGCAGTAGGGGCATGATGACAGCGCTTCGTTATCTGATTTGGCTATAGCTAATTACACAGAATGACATATATTCGTTGTCACTGTTGACTTGTTTACCGCCTACTAACATTTCAGCAGTGCCTGTATGACAACGTTCTATATTGTCATTTGCAATGCAACCTGAGCTCAGGCGTGACTACCCGCTGAACTTAAGCATATCATTT	0	0	0	0	0	0	0	0	0	0	0	0	48
TATAAATACTACAATGTGGCCTGTTACATTGTTTGTCGAATGGCGCTTGCATTCATTTGCAATCCCCATTCTAGAAAAGAAGCATATTGCAACATGTATGTTGGCTATATCTTTGGCTATGGCTAACTACACAGAATGACATATAATCGTTGTCACTGTTGACTTGTTTACCGCCTACTAACATTTCAGCAGTGCCTGTATGACAACGTTCTATATTGTCATTTGCAATGCAACCTGAGCTCAGGCGTGACTACCCGCTGAACTTAAGCATATCATTT	0	0	0	0	0	47	0	0	0	0	0	0	0
TATAAATACTACAATGAGGCCTGTTACATTGTTTGTCGAATGGCGCTTGCATTCATTTGCAATCCCCATTCTAGAAAAGAAGCTAATTGCAACATGTACGTTAACTATTCCTTAATAACAGAAATGAATGCGTTGTTACTGCTGGATCGTTTAATGCCTGTTAACGTTCCAGCGGGGCCTGATGACAGCGCTTCGTTATCTGATTTGGCCATGGCTAACTACACAGAATGACATATATTCGTTGTCACTGTTGACGTGTTTACCGCCTATTAACATTTCAGCAGTGCCTGTATGACAACGTTCTATATTGTCATTTGCAATGCAACCTGAGCTCAGGCGTGACTACCCGCTGAACTTAAGCATATCATTT	0	0	0	0	0	0	0	0	0	0	0	0	47
TATGAATACTACAAAGTGGCCTGTTACATTGTTTGTCGAATGGCGCTTGCATTAATTTGCAATCCCCATTCTAGAAAAGAAGCATATTGCAACATGTATGTTAGTTGTGCCTTAAGAACAGAAGTGAACGCGTTGTTACTGCTGAAACGTTTAATGCCTGTTAACGTTTCAGTGGAGGCCTGATGACATCGCTTCGTTATCTGATTTGGCTATGGCTAACTACACAGAATGACATATATTCGTTGTCACTGTTGACTTGTTTACCGCCTACTAACATTTCAGCAGTGCCTGTATGACAACGTTCTATATTGTCATTTGCAATGCAACCTGAGCTCAGGCGTGACTACCCGCTGAACTTAAGCATATCATTT	0	0	0	0	0	0	0	0	0	0	0	21	24
TATAAATACTACAATGTAGCCTGTTACATTGTTTGTCGAATGGCGCTTGCATTCATTTGCAATCCCCGTTCTAGAAAAGAAGCATATTGCAACATGTATGTTGGCTATATCTGATTTGGCTATGGCTAACTACACAGAATGACATATAATCGTTGTCACTGTTGACTTGTTTACCGCCTACTAACATTTCAGCAGTGCCTGTATGACAACGTTCTATATTGTCATTTGCAATGCAACCTGAGCTCAGGCGTGACTACCCGCTGAACTTAAGCATATCATTT	0	0	0	0	0	0	0	0	0	0	0	44	0
TATAAATACTACAATGTGGCCTGTTACATTGTTTCTCGAATGGCGCTTGCATTCATTTGCAATCCCCATTCTAGAAAAGAAGCATATTGCAACATGTATGTTGGCTATGCCCTAACAGAAGTGGATGCGTTGTTACTGCTGGTTCGTTGAATGCCTGTTAACGTTCCAGTAGGGCCTGATGACAGCGCTTCGTTATCTGATTTGGCTATAGCTAATTACACAGAATGACATATATTCGTTGTCACTGTTGACTTGTTTACCGCCTACTAACATTTCAGCAGTGCCTGTATGACAACGATCTATATTGTCATTTGCAATGCAACCTGAGCTCAGGCGTGACTACCCGCTGAACTTAAGCATATCACTT	43	0	0	0	0	0	0	0	0	0	0	0	0
TATAAATACTACAATGAGGCCTGTTACATTGTTTGTCGAATGGCGCTTGCATTCATTTGCAATCCCCATTCTAGAAAAGAAGCTAATTGCAACATGTACGTTAACTATTCCTTAATAACAGAAATGAATGCGTTGTTACTGCTGGATCGTTTAATGCCTGTTAACGTTCCAGCGGGGCCTGATGACAGCGCTTCGTTATCTGATTTGGCCATGGCTAACTACACAGAATGACATATATTCGTTGTCACTGTTGACGTGTTTACCGCCTATTAACATTTCAGCAGTGCCTGTATGACAACGTTCTATATTGTCATTTGCAATGCAACCTGAGCTCAGGCGTGACTACCCGCTGAACTTAAGCATATCACTT	0	0	0	0	0	0	0	0	0	0	0	41	0
TATAAATACTACAATGTGGCCTGTTACATTGTCTGTCGAATGGCGCTTGCATTCATTTGCAATCCTCATTCTAGAAAAGGAGCATATTGCAACATGTATGTTGACTATGCCTTAACAGAAGTGAATGCGTTGTTACTGCTGGTTCGTTTAATGCCTGTTAACGTTCCAGTAGGGCCTGATGACAGCGCTTCGTTATCTGATTTGGCTATAGCTAATTACACAGAATGACATATATTCGTTGTCACTGTTGACTTGTTTACCGCCTACTAACATTTCAGCAGTGCCTGTATGACAACGTTCTATATTGTCATTTGCAATGCAACCTGAGCTCAGGCGTGACTACCCGCTGAACTTAAGCATATCACTT	40	0	0	0	0	0	0	0	0	0	0	0	0
TATAAATACTACAATGTGGCCTGTTACATTGTCTGTCGAATGGCGCTTGCATTCATTTGCAATCCCCATTCTAGGAAAGAAGCATATTGCGACATGTATGTTGGCTATGCCTTAACAGAAGTGAATGCGTTGTTACTGCTGGTTCGTTTAATGCCTGTTAACGTTCCAGTAGGGCCTGATGACAGCGCTTCGTTATCTGATTTGGCTATAGCTAATTACACAGAATGACATATATTCGTTGTCACTGTTGACTTGTTTACCGCCTACTAACATTTCAGCAGTGCCTGTATGACAACGTTCTATATTGTCATTTGCAATGCAACCTGAGCTCAGGCGTGACTACCCGCTGAACTTAAGCATATCACTT	36	0	0	0	0	0	0	0	0	0	0	0	0
TATAAATACTACAATGTGGCCTGTTACATTGTTTGTCGAATGGCGCTTGCATTCATTTGCAATCCCCATTCTAGAAAAGAAGCATATTGCAACATGTATGTTGGCTATGCCCTAACAGAAGTGGATGCGTTGTTACTGCTGGTTCGTTGAATGCCTGTTAACGTTCCAGTAGGGCCTGATGACAGCGCTTCGTTATCTGATTTGGCTATAGCTAATTACACAGAATGACATATATTCGTTGTCACTGTTGACTTGTTTACCGCCTACTAACATTTCAGCAGTGCCTGTATGACAACGATCTATAATGTCATTTGCAATGCAACCTGAGCTCAGGCGTGACTACCCGCTGAACTTAAGCATATCACTT	36	0	0	0	0	0	0	0	0	0	0	0	0
TATAAATACTACAATGTGGCCTGTTACATTGTTTGTCGAATGGCGCTTGCATTCATTTGCAATCCCCATTCTAGAAAAGAAGCATATTGCAACATGTATGTTGGCTATGCCCTAACAGAAGTGGATGCGTTGTTACTGCTGGTTCGTTGAATGCCTGTTAACGTTCCAGTAGGGCCTGATGACAGCGCTTCGTTATCTGATTTGGCTATAGCTAATTACACAGAATGGCATATATTCGTTGTCACTGTTGACTTGTTTACCGCCTACTAACATTTCAGCAGTGCCTGTATGACAACGATCTATATTGTCATTTGCAATGCAACCTGAGCTCAGGCCTGACTACCCGCTGAACTTAAGCATATCACTT	33	0	0	0	0	0	0	0	0	0	0	0	0
TATAAATACTACAATGTGGCCTGTTACATTGTCTGTCGAATGGCGCTTGCATTCATTTGCAATCCCCATTCTAGAAAAGAAGCATATTGCAACATGTATGTTGGCTATGCCTTAACAGAAGTGAATGCATTGTTACTGCTGGTTCGTTCAATGCCTGTTAACGTTCCAGTAGGGCCTGATGACAGCGCTTCGTTATCTGATTTGGCTATAGCTAATTACACAGAATGACATATATTCGTTGTCACTGTTGACTTGTTTACCGCCTACTAACATTTCAGCAGTGCCTGTATGACAACGTTCTATATTGTCATTTGCAATGCAACCTGAGCTCAGGCGTGACTACCCGCTGAACTTAAGCATATCACTT	33	0	0	0	0	0	0	0	0	0	0	0	0
TATAAATACTACAATGTGGCCTGTTACATTGTTTGTCGAATGGCGCTTGCATTCATTTGCAATCCCCATTCTAGAAAAGAAGCATATTGCAACATGTATGTTGGCTATGCCCTAACAGAAGTGGATGCGTTGTTACTGCTGGTTCGTTTAATGCCTGTTAACGTTCCAGTAGGGCCTGATGACAGCGCTTCGTTATCTGATTTGGCTATAGCTAATTACACAGAATGACATATATTCGTTGTCACTGTTGACTTGTTTACCGCCTACTAACATTTCAGCAGTGCCTGTATGACAACGATCTATATTGTTATTTGCAATGCAACCTGAGCTCAGGCGTGACTATTCGCTGAACTTAAGCATATCACTT	0	0	0	0	0	0	0	0	0	0	0	0	29
TATAAATACTACAATGTGGCCTGTTACATTGTCTGTCGAATGGCGCTTGCATTCATTTCCAATCCCCATTCTAGAAAAGAAGCATATTGCAACATGTATGTTGGCTATGCCTTAACAGAAGTGAATGCGTTGTTACTGTTGTTTCGTTTAATGCCTGTTAACGTTCCAGTAGGGCCTGATGACAGCGCTTCGTTATCTGATTTGGCTAAAGCTAATTACACAGAATGACATATATTCGTTGTCACTGTTGACTTGTTTACCGCCTACTAACATTTCAGCAGTGCCTGTATGACAACGATCTATATTGTCATTTGCAATGCAACCTGAGCTCAGGCGTGACTATCCGCTGAACTCAAGCATATCACTT	28	0	0	0	0	0	0	0	0	0	0	0	0
TATAAATACTACAATGTGGCCTGTTACATTGTCTGTCGAATGGCGCTTGCATTCATTTCCAATCCCCATTCTAGAAAAGAAGCATATTGCAACATGTATGTTGGCTATATCTGATTTGGCTATGGCTAACTACACAGAATGACATATAATCGTTGTCACTGTTGACTTGTTTACCGCCTACTAACATTTCAGCAGTGCCTGTATGACAACGTTCTATATTGTCATTTGCAATGCAACCTGAGCTCAGGCGTGACTACCCGCTGAACTTAAGCATATCATTT	0	0	0	0	0	0	0	0	0	0	0	25	0
TATAAATACTACAATGTGGCCTGTTACATTGTTTGTCGAATGGCGCTTGCATTCATTTGCAATCCCCATTCTAGAAAAGAAGCATATTGCAACATGTATGTTGGCTATGCCCTAACAGAAGTGGATGCGTTGTTACTGCTGGTTCGTTGAATGCCTGTTAACGTTCCAGTAGGGCCTGATGACAGCGCTTCGTTATCTGATTTGGCTATAGCTAATTACACAGAATGACATATATTCGTTGTCACTGTTGACTTGTTTACCGCCTAATAACATTTCAGCAGTGCCTGTATGACAACGATCTATATTGTCATTTGCAATGCAACCTGAGCTCAGGCGTGACTACCCGCTGAACTTAAGCTTATCACTT	24	0	0	0	0	0	0	0	0	0	0	0	0
TATAAATACTACAATGTGGCCTGTTACATTGTTTGTCGAATGGCGCTTGCATTCATTTGCAATCCCCATTCTAGAAAAGAAGCATATTGCAACATGTATGTTGGCTATGCCCTAACAGAAGTGGATGCGTTGTTACTGCTGGTTCGTTGAATGCCTGTTAACGTTCCAGTAGGGCCTGATGACAGCGCTTCGTTATCTGATTTGGCTATAGCTAATTACACAGAATGACATATATTTTTACCGCCTACTAACATTTCAGCAGTGCCTGTATGACAACGATCTATATTGTCATTTGCAATGCAACCTGAGCTCAGGCGTGACTACCCGCTGAACTTAAGCATATCACTT	17	0	0	0	0	2	2	1	0	0	0	0	2
TATAAATACTACAATGTGGCCTGTTACATTGTTTGTCGAATGGCGCTTGCATTCATTTGCAATCCCCATTCTAGAAAAGAAGCATATTGCAACATGTATGTTGGCTATGCCTTAACAGAAGTGGATGCGTTGTTACTGCTGGTTCATTGAATGCCTGTTAACGTTCCAGTAGGGCCTGATGACAGCGCTTCGTTATCTGATTTGGCTATAGCTAATTACACAGAATGACATATATTCGTTGTCACTGTTGACTTGTTTACCGCCTACTAACATTTCAGCAGTGCCTGTATGACAACGATCTATATTGTCATTTGCAATGCAACCTGAGCTCAGGCGTGACTACCCGCTGAACTTAAGCATATCACTT	0	0	0	0	0	0	0	0	0	0	0	0	24
TATAAATACTACAATGTGGCCTGTTACATTGTTTGTCGAATGGCGCTTGCATTCATTTGCAATCCCCATTCTAGAAAAGAAGCATATTGCAACATGTATACTGGCGATGCCTTAAAAACAGAGAATGCGTTGTTGCTGCTGGATCGTTTAATGCCTGTTAACGTTGCAGTAGGGGCATGATGACAGCGCTTCGTTATCTGATTTGGCTATAGCTAATTACACAGAATGACATATATTCGTTGTCACTGTTGACTTGTTCACCGCCTACTGACATTTCAGCGTGCCTGTATGACAACGTTCTATATTGTCATTTACAATGCAACCTGAGCTCAGGCGTGACTACCCGCTGAACTTAAGCATATCACTT	0	0	0	0	0	0	0	0	0	0	0	0	24
TAATAAATACAATGTGGCCTGTGACATTGTTTGTCGAATGGCGCTTGCATTCATTTGCAGCCTCCATTCTGGGAAAGAAGCATATTGCAATATGTGTATTGGTTGCGCCCTAAAAACAGAAGTGAATGCGTTGTTACTACTGCAACGTTTAATACCTTTTAACGCTCCTGTGGGTGCTTGATGAAACCGCTTCGTTATCTATTTGGCTACGGCTGACTACACGAATGACATATATAGTCACGTTGACTTGTTTACCCTTTACTAACATTTCAGCAGTGCCTGTATGGAAACGTTCTATATTATCATTTGCGATGCAACCTGATCTCAGGCGTGACTACCCGGCGAACTTAAGCATATCATCT	0	0	0	0	1	0	0	0	0	0	0	11	11
TATAAATACTACAATGTGGCCTGTTACATTGTTTGTCGAATGGCGCTTGCATTCATTTGCAATCCCCATTCTAGAAAAGAAGCTAATTGCAACATGTACGTTAACTATTCCTTAATAACAGAAATGAATGCGTTGTTACTGCTGGATCGTTTAATGCCTGTTAACGTTCCAGTAGGGCCTGATGACAGCGCTTCGTTATCTGATTTGGCTATAGCTAATTACACAGAATGACATATATTCGTTGTCACTGTTGACTTGTTTACCGCCTACTAACATTTCAGCAGTGCCTGTATGACAACGTTCTATATTGTCATTTGCAATGCAACCTGAGCTCAGGCGTGACTACCCGCTGAACTTAAGCATATCACTT	0	0	0	0	0	0	0	0	0	0	0	23	0
TATAAATACTACAATGTGGCCTGTTACATTGTTTGTCGAACGGCGCTTGCATTCATTTGCAATCCCCAATCTAGAAAAGAAGCATATTGCAACATGTATGTTGGCGATGCCTTAAAAACAGAAGTGAATGCGTTGTTGCTGCTGGATCGTTTAGTGCCTGTGAACGTTCCAGTAGGGGCCTGATGACAGCGCTTCGTTATCTGATTTGGCTATAGCTAATTACACAGAATGACATATATTCGTTGTCACTGTTGACTTGTTTACCGCCTACTAACATTTCAGCAGTGCCTGTATGACAACGTTCTATATTGTCATTTGCAATGCAACCTGAGCTCAGGCGTGACTACCCGCTGAACTTAAGCATATCATTT	21	0	0	0	0	0	0	0	0	0	0	0	0
TATAAATACTACAATGTGGCCTGTTACATTGTTTGTCGAATGGCGCTTGCATTCATTTGCAATCCCCATTCTAGAAAAGAAGCATATTGCAACATGTATATTGGCGATGCCTTAAAAACAGAGAATGCGTTGTTGCTGCTGGATCGTTTAATGCCTCTTAACGTTGCAGTAGGGGCATGATGACAGCGCTTCGTTATCTGATTTGGCTATAGCTAATTACACAGAATGACATATATTCGTTGTCACTGTTGACTTGTTTACCGCCTACTAACATTTCAGCAGTGCCTGTATGACAACGTTCTATATTGTCATTTGCAATGCAACCTGAGCTCAGGCGTGACTACCCGCTGAACTTAAGCATATCACTT	0	0	0	0	0	0	0	0	0	0	20	0	0
TATAAATACTACAATGTGGCCTGTTACATTGTCTGTCGAATGGCGCTTGCATTCATTTGCAATCCCCATTCTAGAAAAGAAGCATATTGCAACATGTATGTTGGCTATGCCTTAACAGAAATGAATGCGTTGTTACTGCTAGATTGTTTAATGCCTGTTAACGATCTAGTGGGGCCTGATGACAGCGCTTCCTTATCTGATTTGGCTATTGCTAACTACACAGAATGACATATATTCGTTGTCACTGTTGACGTGTTTACCGCCTATTAACATTTCAGCAGTGCCTGTATGACAACGTTCTATATTGTCATTTGCAATGCAACCTGAGCTCAGGCGTGACTACCCGCTGAACTTAAGCATATCATTT	0	0	0	0	0	0	0	0	0	0	0	0	20
TAATAAATACAATGTGGCCTGTGACATTGTTTGTCGAATGGCGCTTGCATTCATTTGCAGCCTCCATTCTGGGAAAGAAACATATTGGAATATGTGTATTGGTTGCGCCTTAAAAACAGAAGTGAATGCGTTGTTACTACTGTAACGTTTAATGCCTGTTAACGTTCCTGTGGGTACTTGATGAAACCGCTTCGTTATCTGATTTGGCTACGGCTGACTACACGAATGACACATATTCTTTGTCAACAAATATTCTTTGTTCTTTGTCTTGTTTACCTTTTACTAACATTTCAGTAGTGCCTGTATGGAAACGGTCTATATATCGTTTGTGATGCAACCTGATTTTAGGCGTGACTACCCGGCGAACTTAAGCATATCATCT	0	0	0	0	0	0	0	0	0	0	0	8	11
TATAAATACTACAATGTGGCCTGTTACATTGTTTGTCGAATGGCGCTTGCATTCATTTGCAATCCCCATTCTAGAAAAGAAGCATATTGCAACATGTATGTTGGCTATGCCCTAACAGAAGTGGATGCGTTGTTACTGCTGGTTCGTTTAATGCCTGTTAACGTTCCAGTAGGGCCTGATGACAGCGCTTCGTTATCTGATTTGGCTATAGCTAATTACACAGAATGACATATATTCGTTGTCACTATTGACTTGTTTACCGCCTACTAACATTTCAACAGTGCCTGTATGACAACGATCTATATTGTTATTTGCAATGCAACCTGAGCTCAGGCGTGACTACCCGCTGAACTTAAGCATATCACTT	0	0	0	0	0	0	0	0	0	0	0	0	19
TATAAATACTACAATGTGGCCTGTTACATTGTTTGTCGAATGGCGCTTGCATTCATTTGCAATCCCCATTCTAGAAAAGAAGCATATTGCAACATGTATGTTGGCTATGCCCTAACAGAAGTGGATGCGTTGTTACTGCTGGTTCGTTTAATGCCTGTTAACGTTCCAGTAGGGCCTGATGACAGCGCTTCGTTATCTGATTTGGCTATAGCTAATTACGCAGAATGACATATATTCGTTGTCACTGTTGACTTGTTTACCGCCTACTAACATTTCAGCAGTGCCTGTATGACAACGATCTATATTGTTATTTGCAATGCAACCTGAGCTCAGGCGTGACTACCCGCTGAACTCAAGCATATCACTT	18	0	0	0	0	0	0	0	0	0	0	0	0
TATAAATACTACAATGTGGCCTGTTACATTGTTTGTCGAATGGCGCTTGCATTCATTTGCAATCCCCATTCTAGAAAAGAAGCATATTGCAACATGTATGTTGGCTATGCCCTAACAGAAGTGGATGCGTTGTTACTGCTGGTTCGTTGAATGCCTGTTAACGTTCCAGTAGGGCCTGATGACAGCGCTTCGTTATCTGATTTGGCTATAGCTAATTACACAGAATGACATATATTCGTTGTCACTGTTGACTTGTTTACCGCCTAATAACATTTCAGCAGTGCCTGTATGACAACGATCTATACTGTCATTTGCAATGCAACCTGAGCTCAGGCGTGACTACCCGCTGAACTTAAGCATATCACTT	18	0	0	0	0	0	0	0	0	0	0	0	0
TATAAATACTACAATGTGGCCTGTTACATTGTCTGTCGAATGGCGCTTGCATTAATTTGCAATCCCCATTCTAGAAAAGAAGCATATTGCAACATGTATGTTGGCTATGCCTTAACAGAAGTGAATGCGTTGTTACTGCTGGTTCGTTTAATGCCTGTTAACGTTTCCAGTAGGGCCTGATGACAGCGCTTCGTTATCTGATTTGGCTATAGCTAATTACACAGAATGGCATATATTCGTTGTCACTGTTGACTTGTTTACCGCCTACTAACATTTCAGCAGTGCCTGTATGACAACGTTCTATATTGTCATTTGCAATGCAACCTGAGCTCAGGCGTGACTACCCGCTGAACTTAAGCATATCACTT	0	0	0	0	0	0	0	2	1	6	9	0	0
TATGAATACTACAATATGGCCTGTTACATTGCTTGTCGAATGCATTCATTTGCAATCCCCATTCTAGAAAAGAAGCATATTGCAACATGTATGTTAGTTGTGCCTTAAAAACAGAAGTGAACGCGTTGTTACTGCTGAAACGTTTAATGCCTGTTAACGTTTCAGTGGAGACCTGATGACATCGCTTCGTTATCTGATTTGGCTATGGCTAACTACACAGAATGACATATATTCGTTGTCATTGTTGACTTGTTTACCGCCTACTAACATTTCAGCAGTGCCTGTATGACAACGTTCTATATTGTCATTTGCAATGCAACCTGAGCTCATGCGTGACTACCCGCTGAACTTAAGCATATCATTT	0	0	0	0	0	0	0	0	0	0	0	0	18
TATAAATACTACAATGTGGCCTGTTACATTGTTTGTCGAATGGCGCTTGCATTCATTTGCAATCCCCATTCTAGAAAAGAAGCATATTGCAACATGTATGTTGGCGATGCCTTAAAAACAGAGAATGCGTTGTTGCTGCTGGATCGTTTAATGCCTGTTAACGTTGCAGTAGGGGCATGATGACAGCGCTTCGTTATCTGATTTGGCTATAGCTAATTACACAGAATGACATATATTCGTTGTCACTGTTGACTTGTTTACCGCCTACTAACATTTCAGCAGTGCCTGTATGACAACGTTCTATATTGTCATTTGCAATGCAACCTAAGCTCAGGCGTGACTACCCGCTGAACTTAAGCATATCATTT	17	0	0	0	0	0	0	0	0	0	0	0	0
TATAAATACTACAATGTGGCCTGTTACATTGTTTGTCGAATGGCGCTTGCATTCATTTGCAATCCCCATTCTAGAAAAGAAGCATATTGCAACATGTATGTTGGCGATGCCCTAAAAACAGAAGTGAATGCGTTGTTGCTGCTGGATCGTTTAGTGCCTGTGAACGTTCCAGTAGGGGCCTGATGACAGCGCTTCGTTATCTGATTTGGCTATAGCTAATTACACAGAATGACATATATTCGTTGTCACTGTTGACTTGTTTACCGCCTACTAACATTTCAGCAGTGCCTGTATGACAACGTTCTATATTGTCATTTGCAATGCAACCTGAGCTCAGGCGTGACTACCCGCTGAACTTAAGCATATCATTT	16	0	0	0	0	0	0	0	0	0	0	0	0
TATAAATACTACAATGTGGCCTGTTACATTGTTTGTCGAATGGCGCTTGCATTCATTTGCAATCCCCATTCTAGAAAAGAAGCATATTGCAACATGTATATTGGCGATGCCTTAAAAACAGAGAATGCGTTGTTGCTGCTGGATCGTTTAATGCCTGTTAACGTTGCAGTTCTGATTTGGCTATAGCTAATTACACAGAATGACATATATTCGTTGTCACTGTTGACTTGTTTACCGCCTACTAACATTTCAGCAGTGCCTGTATGACAACGATCTATATTGTCATTTGCAATGCAACCTGAGCTCAGGCGTGACTACCCGCTGAACTTAAGCATATCACTT	0	0	0	2	0	0	4	0	0	0	0	3	7
CATAAATACTACAATGTGGCCTGTTACATTGTTTGTCGAATGGCGCTTGCATTCATTTGCAATCCCCATTCTAGAAAAGAAGCATATTGCAACATGTATGTTGGCGATGCCCTAAAAACAGAAGTGAATGCGTTGTTGCTGCTGGATCGTTTAGTGCCTGTGAACGTTCCAGTAGGGGCCTGATGACAGCGCTTCGTTATCTGATTTGGCTATAATTAATTACACAGAATGACATATATTAGTTGTCACTGTTGACTTGTTTACCGCCTACTAACATTTCAGCAGTGCCTGTATGACAACGTTCTATATTGTCATTTGCAATGCAACCTGAGCTCAGGCGTGACTACCCGCTGAACTTAAGCATATCATTT	15	0	0	0	0	0	0	0	0	0	0	0	0
TATAAATACTGCAATGTGGCCTGTTACATTGTTTGTCGAATGGCGCTTGCATTCATTTGCAATCCCCATTCTAGAAAAGAAGCATATTGCAACACGTATGTTGGCTATGCCCTAACAGAAGTGGATGCGTTGTTACTGCTGGTTCGTTGAATGCCTGTTAACGTTCCAGTAGGGCCTGATGACAGCGCTTCGTTATCTGATTTGGCTATAGCTAATTACACAGAATGACATATATTCGTTGTCACTGTTGACTTGTTTACCGCCTACTAACATTTCAGCAGTGCCTGTATGACAACGATCTATATTGTCATTTGCAATGCAACCTGAGCTCAGGCGTGACTACCCGCTGAACTTAAGCATATCACTT	12	0	0	0	0	0	0	0	0	0	0	0	0
TATAAATACTACAATGTGGCCTGTTACATTGTTTGTCGAATAAAAGTGGATGCGTTGTTACTGCTGGTTCGTTGAATGCCTGTTGACGTTCCAGTAGGGCCTGATGACAGCGCTTCGTTATCTGATTTGGCTATAGCTAATTACACAGAATGACATATATTCGTTGTCACTGTTGACTTGTTTACCGCCTACTAACATTTCAGCAGTGCCTGTATGACAACGATCTATATTGTCATTTGCAATGCAACCTGAGCTCAGGCGTGACTACCCGCTGAACTTAAGCATATCACTT	0	0	0	0	2	5	0	5	0	0	0	0	0
TATAAATACTACAATGTGGCCTGTTACATTGTTTGTCGAATGGCGCTTGCATTCATTTGCAATCCCCATTCTAGAAAAGAAGCATATTGCAACATGTATGTTGGCGATGCCTTAAAAACAGAGAATGCGTTGTTGCTGCTGGATCGTTTAATGCCTGTTAACGTTGCAGTAGGGGCATGATGACAGCGCTTCGTTATCTGATTTGGCTATAGCTAATTACACAGAATGACATATATTCGTTGTCACTGTTGACTTGTTTACCGCCTACTAACATTTCAGCAGTGCCTGTATGACAACGTTCTATATTGTCATTTGCAATGCAACATGAGCTCAGGCGTGACTACCCGCTGAACTTAAGCATATCATTT	10	0	0	0	0	0	0	0	0	0	0	0	0
TATGAATACTACAATGTGGCCTGTTACATTGTTTGTCGAATGGCGCTTGCATTAATTTGCAATCCCCATTCTAGAAAAGAAGCATACTGCAACATGTATGTTAGTTGTGCCTTAAGAACAGAAGTGAACGCGTTGTTACTGCTGAAACGTTTAATGCCTGTTAACGTTTCAGTGGAGGCCTGATGACATCGCTTCGTTATCTGATTTGGCTATGGCTAACTACACAGAATGACATATATTCGTTGTCACTGTTGACTTGTTTACCGCCTACTAACATTTCAGCAGTGCCTGTATGACAACGTTCTATATTGTCATTTGCAATGCAACCTGAGCTCAGGCGTGACTACCCGCTGAACTTAAGCATATCATTT	0	0	0	0	0	0	0	0	0	0	0	8	0
TATAAATACTACAATGTGGCCTGTTACATTGTTTGTCGAATAAAAGTGGATGCGTTGTTACTGCTGGTTCGTTGAATGCCTGTTGACGTTCCAGTAGGGCCTGATGACAGCGCTTCGTTATCTGATTTGGCTATAGCTAATTACACAGAATGACATATATTCGTTGTCACTGTTGACTTGTTTACCGCCTACTAACATTTCAGCAGTGCCTGTATGACAACGTTCTATATTGTCATTTGCAATGCAACCTGAGCTCAGGCGTGACTACCCGCTGAACTTAAGCATATCACTT	0	0	0	0	0	0	0	7	0	0	0	0	0
TATAAATACTACAATGTGGCCTGTTACATTGTTTGTCGAAGGGCACTTGCATTCAATTGCAATCCCCATTCTAGAAAAGAAGCATATTGCAACATGTACGTTAGCTGTGCCTTACGACAGAAATGAATGCTGGATCGTTTAATGCCTGTTACTGCTGGATCGTTTAAGGCCTGTTAACTTTCCAGTGGGGCTTGACGACAGCGCTTCGTTATCCGATTTGACTATGGCTAACTACACAGAATGACATATATTCGTTGTCACTGTTGATTTGTTTACCGCTTACTAACATTTCAGCAGTGCGTGTATGACAACGCTCTATATTGTCATTTGCAATGCAACCTGAGCTCAGGCGTGACTACCCGCTGAACTTAAGCATATCATTT	0	0	0	0	0	0	0	0	0	0	0	4	0
TAAACATACTACAATGTGGCCTGTTACATTGTTAGTCGAATGGCGCTTGCATTCATTTGCAGTCCCCATTCTAGTAAAGAAGCATATTGCAACATGTATGTTGGCTCTGGCCAACTACACTGAATGACATATATTCGTTGTCACTGCTGGATGTTTACCGCCTACTTAACATTTCAGCAGTGCCTGTACGACGACGTTCTATATTGTCATTTGCAATGCAACCTGAGCTCAGGCGTGACTACCCGCTGAACTTAAGCATATCATTT	0	2	0	0	0	0	0	0	0	0	0	0	0
TATAAATACTACAATGTGGCCTGTTACATTGTTTGTCGAATGGCGCTTGCATTCATTTGCAATCCCCATTCTAGAAAAGAAGCATATTGCAACATGTACGTTAGCTATGCCTTAATAACAGAAGTGAATGCGTTGTTACTGCTGGATCGTCTAATGCCTGTTAACGTTCCAGCGGGGCCTGATGACAGCGCTTCGTTATCTGATTTGGCCATGGCTAACTACACAGAATGACATATATTCGTTGTCACTGTTGACGTGTTTACCGCCTATTAACATTTCAGCAGTGCCTGTATGACAACGTTCTATATTGTCATTTGCAATGCAACCTGAGCTCAGGCGTGACTACCCGCTGAACTTAAGCATATCACTT	0	0	0	0	0	0	0	0	0	0	0	1	0
